Encontrados,Tempo
35557,6.282728
35557,147.757159
