Encontrados,Colisoes,TempoInsercao,TempoBusca
38344,49495,0.051211,0.235339
38344,49495,1.019000,3.387712
38344,49495,0.053057,0.228166
38344,49495,0.819745,2.906959
38344,49495,0.112184,0.370186
38344,49495,0.933660,3.100520
