Encontrados,Colisoes,TempoInsercao,TempoBusca
38344,49495,0.978068,3.261193
38344,49495,0.070153,0.263451
38344,49495,1.044322,3.451883
