Encontrados,Tempo
35557,4.160915
35557,93.150801
