Encontrados,Tempo
35557,0.767530
35557,26.769191
