Encontrados,Colisoes,TempoInsercao,TempoBusca
38344,39582,0.019840,0.070799
38344,39582,0.326124,0.989042
38344,39582,0.020327,0.067248
38344,39582,0.308753,0.865811
38344,39582,0.033696,0.100831
38344,39582,0.396860,1.367620
