Encontrados,Colisoes,TempoInsercao,TempoBusca
38344,19355,0.169590,0.123732
38344,19355,0.013083,0.014421
38344,19355,0.167286,0.131228
