Encontrados,Colisoes,TempoInsercao,TempoBusca
38344,19355,0.009169,0.007743
38344,19355,0.100299,0.060048
38344,19355,0.008218,0.007245
38344,19355,0.115219,0.059610
38344,19355,0.007400,0.008204
38344,19355,0.112682,0.059709
