Encontrados,Tempo
35557,4.166091
35557,4.182882
35557,4.168293
35557,94.092107
