Encontrados,Colisoes,TempoInsercao,TempoBusca
38344,39582,0.399018,1.100572
38344,39582,0.024925,0.080408
38344,39582,0.427589,1.133962
